Metric,Value
Gini (Utilitarian),0.2612917591267747
Gini (FEMA),0.5518843773382853
