Metric,Value
Gini (Utilitarian),0.18325881332086835
Gini (FEMA),0.405395319370778
