Metric,Value
Gini (Utilitarian),0.1909109187728657
Gini (FEMA),0.41428231404809557
