Metric,Value
PR per capita (Utilitarian),951.6144187306517
TX per capita (Utilitarian),76.7226279686228
PR/TX ratio (Utilitarian),12.403308436199978
PR per capita (FEMA),395.3256066326242
TX per capita (FEMA),192.14208707706155
PR/TX ratio (FEMA),2.0574649346557417
