state,num_regions,total_need,total_allocation,total_fema_actual,total_pop,regions_funded,pct_need_met,per_capita_util,per_capita_fema
FL,49,1458124156.657143,95521739.85714285,1020686909.66,19465017.0,1,6.551001807427253,4.907354555978187,52.43699040488893
GA,9,19485005.242857143,0.0,13639503.670000002,724962.0,0,0.0,0.0,18.814094628408114
PR,78,3370978015.375,3245801669.14,1348391206.15,3410837.0,73,96.28664602189419,951.6144187306517,395.3256066326242
SC,1,0.0,0.0,0.0,56974.0,0,,0.0,0.0
TX,43,2366268230.7714286,661398155.5714285,1656387761.54,8620640.0,9,27.951106597742122,76.7226279686228,192.14208707706155
VI,3,121279388.17142858,121279388.17142856,84895571.72,106405.0,3,99.99999999999999,1139.7903122167995,797.8532185517598
