Metric,Value
Total Allocated,4124000952.7399993
Budget,4124000952.7399993
Budget Used (%),100.0
Regions Funded,0.46994535519125685
Regions Excluded,97.0
