Metric,Value
Gini (Maximin),0.26641223834462413
Gini (FEMA),0.5518843773382853
