Metric,Value
Gini (Maximin),0.18512301825587185
Gini (FEMA),0.405395319370778
