Metric,Value
Gini (Maximin),0.1902728694346123
Gini (FEMA),0.41428231404809557
