state,num_regions,total_need,total_allocation,total_fema_actual,total_pop,regions_funded,pct_need_met,per_capita_maximin,per_capita_fema
FL,49,1458124156.657143,0.0,1020686909.66,19465017.0,0,0.0,0.0,52.43699040488893
GA,9,19485005.242857143,0.0,13639503.670000002,724962.0,0,0.0,0.0,18.814094628408114
PR,78,3370978015.375,0.0,1348391206.15,3410837.0,0,0.0,0.0,395.3256066326242
SC,1,0.0,0.0,0.0,56974.0,0,,0.0,0.0
TX,43,2366268230.7714286,0.0,1656387761.54,8620640.0,0,0.0,0.0,192.14208707706155
VI,3,121279388.17142858,18161250.385714285,84895571.72,106405.0,1,14.974721310469782,170.6804227781992,797.8532185517598
