Metric,Value
Total Allocated,4124000952.7400002
Budget,4124000952.7399993
Budget Used (%),100.00000000000001
Regions Funded,0.45901639344262296
Regions Excluded,99.0
z* (Min Per-Capita),465.67672014741083
