Metric,Value
Total Allocated,18161250.385714285
Budget,4124000952.7399993
Budget Used (%),0.44037939355101
Regions Funded,0.00546448087431694
Regions Excluded,182.0
z* (Min Per-Capita),4355.21591983556
