Metric,Value
PR per applicant (Maximin),592.2271488326678
TX per applicant (Maximin),1776.0876388774618
PR/TX ratio (Maximin),0.33344477821318114
PR per applicant (FEMA),481.7310564781391
TX per applicant (FEMA),1307.7832027525596
PR/TX ratio (FEMA),0.36835696884943514
