Metric,Value
PR per applicant (Maximin),1886.7231809015766
TX per applicant (Maximin),2195.0441042703446
PR/TX ratio (Maximin),0.8595377091654124
PR per applicant (FEMA),1204.3239532432735
TX per applicant (FEMA),1868.2617182179422
PR/TX ratio (FEMA),0.6446227214846689
