Metric,Value
PR per capita (Maximin),923.0750226486092
TX per capita (Maximin),88.01450747110589
PR/TX ratio (Maximin),10.487759906531815
PR per capita (FEMA),395.3256066326242
TX per capita (FEMA),192.14208707706155
PR/TX ratio (FEMA),2.0574649346557417
